<wpml-config>
	<custom-types>
		<custom-type translate="1">team</custom-type>
		<custom-type translate="1">portfolio</custom-type>
	</custom-types>
	<taxonomies>
		<taxonomy translate="1">disciplines</taxonomy>
		<taxonomy translate="1">attributes</taxonomy>
		<taxonomy translate="1">project-category</taxonomy>
		<taxonomy translate="1">project-attribute</taxonomy>
	</taxonomies>
	<admin-texts>
		<key name="klaus">
			<key name="footer-copyright-text" />
			<key name="404-title" />
			<key name="404-caption" />
			<key name="title-marker" />
			<key name="map-info" />
		</key>
	</admin-texts>
</wpml-config>